{
    "value": 0.6253303440114634,
    "params": {
        "lr": 0.08660940232070471,
        "dropout": 0.7047256574503883,
        "weight_decay": 0.00024339160743669106,
        "hidden_dim": 32,
        "alpha": 0.5496841683118118
    },
    "roc_auc": 0.6253303440114634,
    "average_precision": 0.11862288295392681
}