{
    "value": 0.982678947368421,
    "params": {
        "lr": 0.0295784861524025,
        "dropout": 5.4515376312336905e-05,
        "weight_decay": 0.0005614375469544307,
        "num_layers": 3,
        "hid_dim": 256
    },
    "roc_auc": 0.982678947368421,
    "average_precision": 0.7856058205223027
}