{
    "value": 0.7648894736842106,
    "params": {
        "lr": 9.91249264828144e-05,
        "dropout": 0.0026057883164905798,
        "weight_decay": 0.0015921961906580498,
        "num_layers": 5,
        "hid_dim": 32,
        "emb_dim": 128
    },
    "roc_auc": 0.7648894736842106,
    "average_precision": 0.12120691699021496
}