{
    "value": 0.8883105263157894,
    "params": {
        "lr": 0.002757252969824245,
        "dropout": 0.09797724696648671,
        "weight_decay": 1.374342213132794e-06,
        "num_layers": 3,
        "hid_dim": 128
    },
    "roc_auc": 0.8883105263157894,
    "average_precision": 0.3942993537947291
}