{
    "value": 0.9919526315789473,
    "params": {
        "lr": 0.010542053378376118,
        "dropout": 8.123301060767292e-05,
        "weight_decay": 3.601328533063346e-06,
        "num_layers": 2,
        "hid_dim": 64
    },
    "roc_auc": 0.9919526315789473,
    "average_precision": 0.9008473499915909
}