{
    "value": 0.9918789473684211,
    "params": {
        "lr": 0.01098778119870828,
        "dropout": 2.8600382769187657e-05,
        "weight_decay": 1.5315517427317464e-06,
        "num_layers": 2,
        "hid_dim": 64
    },
    "roc_auc": 0.9918789473684211,
    "average_precision": 0.9052880049364038
}