{
    "value": 0.9929684210526316,
    "params": {
        "lr": 0.01561962258528252,
        "dropout": 8.180570867360465e-06,
        "weight_decay": 0.01170066390028231,
        "num_layers": 3,
        "hid_dim": 128,
        "w1": 0.12895885678777552,
        "w2": 6.144337188709415e-05,
        "w3": 0.0020522638398456678,
        "w4": 0.00848992641616169,
        "w5": 0.004479723948612655
    },
    "roc_auc": 0.9929684210526316,
    "average_precision": 0.8969394747084165
}