{
    "value": 0.9783473684210526,
    "params": {
        "lr": 0.001328557809144082,
        "dropout": 1.2203674803301841e-05,
        "weight_decay": 0.00013866194729631173,
        "num_layers": 2,
        "hid_dim": 128
    },
    "roc_auc": 0.9783473684210526,
    "average_precision": 0.7740290332140838
}