{
    "value": 0.9052631578947368,
    "params": {
        "lr": 0.011181214265479349,
        "dropout": 0.000614609556866367,
        "weight_decay": 6.652216508649757e-05,
        "num_layers": 2,
        "hid_dim": 128
    },
    "roc_auc": 0.9052631578947368,
    "average_precision": 0.6813999999999999
}